feeder_id,substation,town,voltage_kv,customers_served,commissioned_year,latitude,longitude
FD-001,Bamenda Main,Bamenda,30,8723,1985,5.96021,10.16141
FD-002,Bamenda Main,Bamenda,15,6103,1985,5.95957,10.14537
FD-003,Bamenda Main,Bamenda,,7637,2019,5.96261,10.11069
FD-004,Nkwen,Bamenda,,3149,2019,5.97457,10.14588
FD-005,Nkwen,Bamenda,30,7505,1985,6.02148,10.18291
FD-006,Mankon,Bamenda,30,7537,1985,5.95909,10.10838
FD-007,Mankon,Bamenda,30,1908,2009,5.96298,10.15734
FD-008,Mankon,Bamenda,30kV,6607,1998,5.97171,10.13234
FD-009,Mankon,Bamenda,33,5909,1978,5.95671,10.13663
FD-010,Bafut,Bafut,15,421,2014,6.117,10.1313
FD-011,Bafut,Bafut,15,7843,,6.06413,10.08947
FD-012,Bafut,Bafut,,1616,,6.10025,10.09759
FD-013,Bali,Bali,33,8801,2014,5.87102,10.03345
FD-014,Bali,Bali,30,6379,1992,5.88578,10.05373
FD-015,Bali,Bali,,1376,2004,5.89666,10.02107
FD-016,Santa,Santa,33,2651,2019,5.81294,10.23152
FD-017,Santa,Santa,30kV,2948,,5.81553,10.18174
FD-018,Santa,Santa,30,4734,2019,5.81764,10.18719
FD-019,Ndop,Ndop,,4066,1998,5.96008,10.44812
FD-020,Ndop,Ndop,15,4879,2019,5.97999,10.47763
FD-021,Ndop,Ndop,,3225,2009,5.98039,10.4204
FD-022,Ndop,Ndop,,953,1992,5.97303,10.41656
FD-023,Kumbo,Kumbo,15,2814,,6.17975,10.6477
FD-024,Kumbo,Kumbo,,3423,2019,6.2226,10.65005
FD-025,Kumbo,Kumbo,30kV,5210,1985,6.21059,10.64215
FD-026,Wum,Wum,30kV,3795,1978,6.39978,10.06622
FD-027,Wum,Wum,30kV,2548,1985,6.37787,10.05152
FD-028,Wum,Wum,30,6431,1985,6.40935,10.06738
FD-029,Wum,Wum,30kV,2937,2014,6.38871,10.04671
FD-030,Fundong,Fundong,15,8068,2014,6.25306,10.30449
FD-031,Fundong,Fundong,33,1876,2014,6.25346,10.26216
FD-032,Fundong,Fundong,15,2351,2009,6.24561,10.25013
FD-033,Mbengwi,Mbengwi,15,1464,2014,5.97679,10.00766
FD-034,Mbengwi,Mbengwi,30,1620,1985,6.00523,10.02378
FD-035,Batibo,Batibo,,1512,1978,5.80107,9.85587
FD-036,Batibo,Batibo,30,4039,1998,5.84332,9.85139
FD-037,Batibo,Batibo,,3662,1985,5.83648,9.85903
